{"cameraMode":{"drawMode":0,"name":"Shaded","section":"Shading Mode"},"sceneLighting":true,"audioPlay":false,"sceneViewState":{"showFog":true,"showMaterialUpdate":false,"showSkybox":true,"showFlares":true,"showImageEffects":true,"showParticleSystems":true},"in2DMode":false,"pivot":{"x":2.3897290229797365,"y":0.8616231679916382,"z":-9.135015487670899},"rotation":{"x":0.08341699838638306,"y":0.44352269172668459,"z":-0.041511133313179019,"w":0.8914229869842529},"size":0.8660285472869873,"orthographic":false}