{"cameraMode":{"drawMode":0,"name":"Shaded","section":"Shading Mode"},"sceneLighting":true,"audioPlay":false,"sceneViewState":{"showFog":true,"showMaterialUpdate":false,"showSkybox":true,"showFlares":true,"showImageEffects":true,"showParticleSystems":true},"in2DMode":false,"pivot":{"x":212.8000030517578,"y":242.0,"z":0.00001811981201171875},"rotation":{"x":-0.09245818108320236,"y":-0.04660002514719963,"z":-0.004336173180490732,"w":0.9946308732032776},"size":180.62393188476563,"orthographic":false}